UNIVERSITY,ENDOWMENT_NAME,STATE_PROVINCE,ENDOWMENT_2015,ENDOWMENT_2014,MARKET_VALUE_CHANGE,ENDOWMENT_2015_OVERRIDE
"Abilene Christian University","Abilene Christian University","TX",379858,374971,1.3,
"Agnes Scott College","Agnes Scott College","GA",261456,272331,-4,
"Albion College","Albion College","MI",173897,185337,-6.2,
"Albright College","Albright College","PA",64675,65210,-0.8,
"Alfred University","Alfred University","NY",107966,108874,-0.8,
"Allegheny College","Allegheny College","PA",183134,184693,-0.8,
"Alma College","Alma College","MI",114762,116462,-1.5,
"Alverno College","Alverno College","WI",25425,25317,0.4,
"Amarillo College","Amarillo College Foundation","TX",28441,25398,12,
"American Society for Technion-Israel Institute of Technology, Inc.","American Society for Technion-Israel Institute of Technology, Inc.","NY",264664,267604,-1.1,
"American University","American University","DC",600336,587199,2.2,
"American University--Beirut","American University of Beirut","NY",551036,549529,0.3,
"American University--Bulgaria","American University in Bulgaria","DC",25528,25394,0.5,
"American University--Cairo","The American University in Cairo","NY",522325,540079,-3.3,
"Amherst College","Amherst College","MA",2193511,2149203,2.1,
"Antioch University","Antioch University","OH",9805,9553,2.6,
"Appalachian State University","Appalachian State University & Foundation","NC",93775,93775,2.6,93775
"Arcadia University","Arcadia University","PA",66778,68345,-2.3,
"Arizona State University","Arizona State University & Foundation","AZ",643188,625833,2.8,398777
"Arkansas State University","Arkansas State University Foundation, Inc.","AR",54902,51908,5.8,
"Art Center College of Design","Art Center College of Design","CA",86609,85148,1.7,
"Asbury Theological Seminary","Asbury Theological Seminary","KY",152464,153105,-0.4,
"Assumption College","Assumption College","MA",101064,100767,0.3,
"Auburn University","Auburn University & Foundation","AL",641993,621106,3.4,583049
"Augsburg College","Augsburg College","MN",40464,38330,5.6,
"Augustana College","Augustana College","IL",145454,144374,0.7,
"Augustana University","Augustana University","SD",71733,70771,1.4,
"Austin College","Austin College","TX",134746,135769,-0.8,
"Austin Presbyterian Theological Seminary","Austin Presbyterian Theological Seminary","TX",122062,120371,1.4,
"Babson College","Babson College","MA",345242,329834,4.7,
"Baldwin Wallace University","Baldwin Wallace University","OH",155728,141410,10.1,
"Ball State University","Ball State University Foundation","IN",192711,192215,0.3,192711
"Barnard College","Barnard College","NY",296518,276476,7.2,
"Barry University","Barry University, Inc.","FL",36196,34517,4.9,
"Bates College","Bates College","ME",261501,263892,-0.9,
"Baylor College of Medicine","Baylor College of Medicine","TX",1095326,1021458,7.2,
"Baylor University","Baylor University","TX",1168242,1153626,1.3,
"Bellarmine University","Bellarmine University","KY",54333,52998,2.5,
"Belmont University","Belmont University","TN",102380,99679,2.7,
"Beloit College","Beloit College","WI",149022,142030,4.9,
"Bentley University","Bentley University","MA",256630,258462,-0.7,
"Berea College","Berea College","KY",1101476,1137222,-3.1,
"Bergen Community College","Bergen Community College Foundation","NJ",5948,6015,-1.1,
"Berklee College of Music","Berklee College of Music","MA",309102,310650,-0.5,
"Berry College","Berry College, Inc.","GA",879501,916828,-4.1,
"Bethany Lutheran College","Bethany Lutheran College, Inc.","MN",43005,43156,-0.3,
"Binghamton University-SUNY","The Foundation of SUNY at Binghamton, Inc.","NY",99637,87378,14,96513
"Biola University","Biola University","CA",119980,113668,5.6,
"Blue Ridge Community College","Blue Ridge Community College Educational Foundation, Inc.","VA",7166,6872,4.3,
"Boise State University","Boise State University Foundation, Inc.","ID",89573,88788,0.9,
"Boston Architectural College","Boston Architectural College","MA",10542,10711,-1.6,
"Boston College","Boston College","MA",2219600,2131400,4.1,
"Boston University","Boston University","MA",1644117,1616004,1.7,
"Bowdoin College","Bowdoin College","ME",1392760,1216030,14.5,
"Bradley University","Bradley University","IL",283181,287891,-1.6,
"Brandeis University","Brandeis University","MA",915087,861152,6.3,
"Brenau University","Brenau University","GA",40660,40317,0.8,
"Bridgewater College","Bridgewater College","VA",82889,82379,0.6,
"Bridgewater State University","Bridgewater State University Foundation, Inc.","MA",36082,34202,5.5,
"Brite Divinity School","Brite Divinity School","TX",82076,79233,3.6,
"Brookings Institution","Brookings Institution","DC",320925,321910,-0.3,
"Broome Community College","Broome Community College Foundation, Inc.","NY",30587,27340,11.9,
"Broward College","Broward College","FL",74063,77440,-4.4,
"Brown University","Brown University","RI",3073349,2999749,2.5,
"Bryant University","Bryant University","RI",170101,172809,-1.6,
"Bryn Mawr College","Bryn Mawr College","PA",852985,854035,-0.1,
"Bucknell University","Bucknell University","PA",789354,750913,5.1,
"Buena Vista Universtiy","Buena Vista University","IA",133348,135570,-1.6,
"Buffalo State College","Buffalo State College Foundation, Inc.","NY",36500,36010,1.4,
"Butler University","Butler University","IN",184015,190231,-3.3,
"California Baptist University","California Baptist University","CA",41201,41027,0.4,
"California Institute of Technology","California Institute of Technology","CA",2198887,2093842,5,
"California Institute of the Arts","California Institute of the Arts","CA",139561,137535,1.5,
"California Lutheran University","California Lutheran University","CA",85353,83254,2.5,
"California Maritime Academy","The California Maritime Academy Foundation, Inc.","CA",6768,6730,0.6,
"California Polytechnic University","California Polytechnic University & Foundation","CA",194710,207779,-6.3,
"California State Polytechnic University--Pomona","California State Polytechnic University, Pomona","CA",90234,90234,4.1,
"California State University--Bakersfield","California State University Bakersfield Foundation","CA",23392,23498,-0.5,
"California State University--Channel Islands","California State University Channel Islands","CA",13102,13341,-1.8,
"California State University--Chico","The University Foundation, California State University Chico","CA",54845,52563,4.3,
"California State University--Dominguez Hills","California State University, Dominguez Hills Foundation","CA",10117,11844,-14.6,
"California State University--East Bay","Cal State East Bay Educational Foundation","CA",16776,15801,6.2,
"California State University--Fresno","California State University Fresno Foundation","CA",165962,162101,2.4,165962
"California State University--Long Beach","California State University, Long Beach","CA",57191,57000,0.3,
"California State University--Los Angeles","California State University, Los Angeles","CA",29738,25864,15,
"California State University--Monterey Bay","California State University Monterey Bay","CA",18648,18325,1.8,
"California State University--Northridge","California State University, Northridge","CA",89789,87498,2.6,
"California State University--Office of the Chancellor","California State University, Office of the Chancellor","CA",19828,19539,1.5,
"California State University--San Bernardino","CSU San Bernardino Philanthropic Foundation","CA",24508,24458,0.2,
"California State University--San Marcos","CSU San Marcos Foundation","CA",23176,23296,-0.5,
"California State University--Stanislaus","California State University, Stanislaus","CA",12677,11954,6.1,
"California State--Fullerton","Cal State Fullerton Philanthropic Foundation","CA",51948,50112,3.7,
"Canisius College","Canisius College","NY",108878,104536,4.2,
"Capital University","Capital University","OH",73514,74333,-1.1,
"Cardinal Stritch University","Cardinal Stritch University, Inc.","WI",20210,19588,3.2,
"Carleton College","Carleton College","MN",783456,792737,-1.2,
"Carleton University","Carleton University","ON",168007,187878,-10.6,
"Carnegie Institution of Washington","Carnegie Institution of Washington","DC",995492,980103,1.6,
"Carnegie Mellon Universityiv","Carnegie Mellon University","PA",1739474,1599900,8.7,
"Carroll College","Carroll College","MT",40510,39868,1.6,
"Carroll University","Carroll University","WI",52607,52173,0.8,
"Carthage College","Carthage College","WI",84584,81000,4.4,
"Case Western Reserve University","Case Western Reserve University","OH",1775999,1758570,1,
"Catholic University of America","The Catholic University of America","DC",315657,308529,2.3,
"Cazenovia College","Cazenovia College","NY",31256,32209,-3,
"Cedar Crest College","Cedar Crest College","PA",26688,25980,2.7,
"Cedarville University","The Cedarville University","OH",27079,27251,-0.6,
"Centenary College","Centenary College","NJ",10603,10352,2.4,
"Central College","Central College","IA",78541,79888,-1.7,
"Central Michigan University","Central Michigan University","MI",109847,107871,1.8,
"Central Oregon Community College","Central Oregon Community College Foundation","OR",16408,16141,1.6,
"Central Piedmont Community College","Central Piedmont Community College Foundation, Inc.","NC",28006,28163,-0.6,
"Centre College","Centre College","KY",284697,263818,7.9,
"Chaminade University of Honolulu","Chaminade University of Honolulu","HI",14081,13643,3.2,
"Chapman University","Chapman University","CA",301272,273823,10,
"Chatham University","Chatham University","PA",96215,58366,64.8,
"Citadel Military College of South Carolina","The Citadel","SC",254324,244543,4,
"Claremont Graduate University","Claremont Graduate University","CA",184759,187581,-1.5,
"Claremont McKenna College","Claremont McKenna College","CA",733871,699493,4.9,
"Clark College","Clark College Foundation","WA",60177,57504,4.6,
"Clark University","Clark University","MA",404946,406407,-0.4,
"Clarke University","Clarke University","IA",32847,34510,-4.8,
"Clarkson University","Clarkson University","NY",186140,192918,-3.5,
"Clemson University","Clemson University & Foundation","SC",648611,623262,4.1,648611
"Cleveland Institute of Music","Cleveland Institute of Music","OH",42808,40977,4.5,
"Coastal Education","Coastal Education Foundation, Inc.","SC",32730,32229,1.6,
"Coe College","Coe College","IA",86777,91243,-4.9,
"Coker College","Coker College","SC",42712,40818,4.6,
"Colby College","Colby College","ME",745957,740631,0.7,
"Colgate University","Colgate University","NY",892231,865664,3.1,
"College of Central Florida","College of Central Florida Foundation, Inc.","FL",64975,63969,1.6,
"College of New Jersey","The College of New Jersey Foundation, Inc.","NJ",23862,24517,-2.7,
"College of Saint Benedict","College of Saint Benedict","MN",57788,55949,3.3,
"College of Saint Rose","The College of Saint Rose","NY",41856,42001,-0.3,
"College of St. Elizabeth","College of St. Elizabeth","NJ",19461,19526,-0.3,
"College of St. Joseph","College of St. Joseph","VT",3084,5720,-46.1,
"College of St. Scholastica","College of St. Scholastica","MN",69407,67074,3.5,
"College of William and Mary","College of William & Mary Foundation","VA",811217,797592,1.7,811217
"College of Wooster","The College of Wooster","OH",284215,281874,0.6,
"College of the Holy Cross","College of the Holy Cross","MA",721310,726053,-0.7,
"College of the Ozarks","College of the Ozarks","MO",442272,427477,3.5,
"Colorado College","Colorado College","CO",720085,680377,5.8,
"Colorado Mesa University","Colorado Mesa University Foundation","CO",24483,23013,6.4,
"Colorado School of Mines","Colorado School of Mines Foundation, Inc.","CO",272501,270844,0.6,
"Colorado State University","Colorado State University Foundation","CO",281355,284495,-1.1,281355
"Columbia College","Columbia College","MO",151816,119331,27.2,
"Columbia Theological Seminary","Columbia Theological Seminary","GA",201679,207822,-3,
"Columbia University in the City of New York","Columbia University","NY",9639065,9223047,4.5,
"Columbus State University","Columbus State University Foundation, Inc.","GA",50909,49424,3,
"Concordia College","Concordia College","MN",111305,110542,0.7,
"Concordia University--St. Paul","Concordia University, St. Paul","MN",41337,,,
"Connecticut College","Connecticut College","CT",283941,277965,2.1,
"Converse College","Converse College","SC",73915,75135,-1.6,
"Cooper Union","The Cooper Union","NY",738415,733777,2.2,
"Cornell College","Cornell College","IA",74517,73773,1,
"Cornell University","Cornell University","NY",6037546,5889948,2.5,
"Cornerstone University","Cornerstone University","MI",7432,7294,1.9,
"Cottey College","Cottey College","MO",104788,105787,-0.9,
"Creighton University","Creighton University","NE",449443,439784,2.2,
"Cuesta College","Cuesta College Foundation","CA",27366,27310,0.2,
"Culinary Institute of America","The Culinary Institute of America","NY",131233,128387,2.2,
"Culver-Stockton College","Culver-Stockton College","MO",21271,22761,-6.5,
"Dakota State University","Dakota State University Foundation","SD",10952,9794,7.6,
"Dalhousie University","Dalhousie University","NS",459475,400021,14.9,
"Dartmouth College","Dartmouth College","NH",4663491,4468219,4.4,
"Davidson College","Davidson College","NC",682500,649342,5.1,
"DePaul University","DePaul University","IL",438193,447196,-2,
"DePauw University","DePauw University","IN",643787,627746,2.6,
"DeSales University","DeSales University","PA",69168,66317,4.3,
"Defiance College","Defiance College","OH",17833,17761,0.4,
"Delaware Valley University","Delaware Valley University","PA",30152,32220,-6.4,
"Delta College","Delta College","MI",19485,17821,9.3,
"Denison University","Denison University","OH",797101,771760,3.3,
"Dickinson College","Dickinson College","PA",415079,396265,4.7,
"Doane College","Doane College","NE",114570,113722,0.7,
"Dominican University","Dominican University","IL",30057,27043,11.1,
"Drake University","Drake University","IA",196490,186283,5.5,
"Drew University","Drew University","NJ",214389,217082,-1.2,
"Drexel University","Drexel University","PA",668386,660150,1.2,
"Drury University","Drury University","MO",88842,86604,2.6,
"Duke University","Duke University","NC",7296545,7036776,3.7,
"Duquesne University","Duquesne University of the Holy Spirit","PA",296807,302453,-1.9,
"Earlham College","Earlham College","IN",405520,404999,0.1,
"East Carolina University","East Carolina University","NC",170015,164065,3.6,
"East Tennessee State University","East Tennessee State University","TN",113292,115078,-1.6,
"Eastern Illinois University","Eastern Illinois University Foundation","IL",76337,74569,2.4,76337
"Eastern Kentucky University","Eastern Kentucky University Foundation","KY",60171,61516,-2.2,
"Eastern Mennonite University","Eastern Mennonite University","VA",26075,25587,1.9,
"Eastern Michigan University","Eastern Michigan University Foundation","MI",65655,66301,-1,
"Eastern Virginia Medical School","Eastern Virginia Medical School Foundation","VA",74071,72187,2.6,
"Eastern Washington University","Eastern Washington University Foundation","WA",18279,17659,3.5,
"Eckerd College","Eckerd College","FL",55739,54489,2.3,
"Elgin Community College","Elgin Community College Foundation","IL",5410,5280,2.5,
"Elizabethtown College","Elizabethtown College","PA",69815,67654,3.2,
"Elon University","Elon University","NC",211405,188851,11.9,
"Embry-Riddle Aeronautical University","Embry-Riddle Aeronautical University","FL",111151,107925,3,
"Emmanuel College","Emmanuel College","MA",97348,96496,0.9,
"Emory University","Emory University","GA",6684305,6681479,0,
"Emory and Henry College","Emory & Henry College","VA",92151,92151,-4.9,
"Emporia State University","Emporia State University Foundation","KS",79994,79992,0,
"Endicott College","Endicott College","MA",64556,62288,3.6,
"Fairfield University","Fairfield University","CT",317035,313093,1.3,
"Fairleigh Dickinson University","Fairleigh Dickinson University","NJ",65690,56586,16.1,
"Fayetteville State University","Fayetteville State University","NC",19781,19245,2.8,
"Ferris State","Ferris Foundation","MI",48524,46322,4.8,
"Ferrum College","Ferrum College","VA",48205,48790,-1.2,
"Fisk University","Fisk University","TN",20568,20881,-1.5,
"Fitchburg State University","Fitchburg State University Foundation, Inc.","MA",15803,14888,6.1,
"Five Colleges","Five Colleges, Inc.","MA",11408,12013,-5,
"Flagler College","Flagler College Inc.","FL",62703,63171,-0.7,
"Florida Atlantic University","Florida Atlantic University","FL",204799,208521,-1.8,
"Florida Gateway College","The Foundation for Florida Gateway College, Inc.","FL",13657,13311,2.6,
"Florida Institute of Technology","Florida Institute of Technology","FL",66240,63423,4.4,
"Florida International University'","Florida International University Foundation, Inc.","FL",178750,176500,1.3,
"Florida Southern College","Florida Southern College","FL",67537,68790,-1.8,
"Florida State College at Jacksonville","Florida State College at Jacksonville","FL",39043,39496,-1.1,
"Florida State University","The Florida State University Foundation","FL",605275,624557,-3.1,605275
"Fordham University","Fordham University","NY",665532,675054,-1.4,
"Fort Hays State University","Fort Hays State University Foundation","KS",70959,64303,10.4,
"Franklin College","Franklin College","IN",84716,,,
"Franklin University","Franklin University","OH",83038,85817,-3.2,
"Franklin W. Olin College of Engineering","Franklin W. Olin College of Engineering","MA",379430,380328,-0.2,
"Franklin and Marshall College","Franklin & Marshall College","PA",334620,339204,-1.4,
"Fredonia State University of New York","Fredonia State University of New York","NY",28972,28957,0.1,
"Freed-Hardeman University","Freed-Hardeman University","TN",50012,43160,15.9,
"Friends University","Friends University","KS",45765,48217,-5.1,
"Furman University","Furman University","SC",631397,650035,-2.9,
"Gallaudet University","Gallaudet University","DC",189471,203645,-7,
"Gannon University","Gannon University","PA",58151,56142,3.6,
"George Mason University","George Mason University Foundation, Inc.","VA",72245,69554,3.9,72245
"George Washington University","The George Washington University","DC",1616357,1576508,2.5,
"Georgetown University","Georgetown University","DC",1528869,1461276,4.6,
"Georgia Institute of Technology","Georgia Institute of Technology & Related Foundations","GA",1858977,1889014,-1.6,1858977
"Georgia Southern University","Georgia Southern University Foundation, Inc.","GA",49003,49157,-0.3,49003
"Georgia Southwestern","Georgia Southwestern Foundation, Inc.","GA",28821,29208,-1.3,
"Georgia State University","Georgia State University Foundation","GA",135418,133296,1.6,135418
"Georgian Court University","Georgian Court University","NJ",51731,51288,0.9,
"Gettysburg College","Gettysburg College","PA",284488,285611,-0.4,
"Golden Gate University","Golden Gate University","CA",62322,70243,-11.3,
"Gonzaga University","Gonzaga University","WA",185647,164885,12.6,
"Goshen College","Goshen College","IN",110476,117507,-6,
"Goucher College","Goucher College","MD",216707,227559,-4.8,
"Graceland University","Graceland University","IA",46310,44773,3.4,
"Graduate Theological Union","Graduate Theological Union","CA",33256,33458,-0.6,
"Grand Valley State University","Grand Valley State University","MI",104413,103153,1.2,
"Grand View University","Grand View University","IA",19696,20493,-3.9,
"Grinnell College","Grinnell College","IA",1787775,1829521,-2.3,
"Guilford College","Guilford College","NC",77801,79930,-2.7,
"Gustavus Adolphus College","Gustavus Adolphus College","MN",144934,141394,2.5,
"Hamilton College","Hamilton College","NY",856067,858839,-0.3,
"Hamline University","Hamline University","MN",93570,93570,0.4,
"Hampden-Sydney College","Hampden-Sydney College","VA",154643,150901,2.5,
"Hampshire College","Hampshire College","MA",39308,37567,4.6,
"Hampton University","Hampton University","VA",263237,288370,-8.7,
"Hanover College","Hanover College","IN",149372,151106,-1.1,
"Hardin-Simmons University","Hardin-Simmons University","TX",146169,139972,4.4,
"Harding University","Harding University, Inc.","AR",117945,116937,0.9,
"Harford Community College","Harford Community College Foundation","MD",6140,6022,2,
"Hartford Seminary","Hartford Seminary Foundation","CT",47917,46767,2.5,
"Hartwick College","Hartwick College","NY",70589,70808,-0.3,
"Harvard University","Harvard University","MA",36448817,35883891,1.6,
"Harvey Mudd College","Harvey Mudd College","CA",288996,283696,1.9,
"Haverford College","Haverford College","PA",495044,494570,0.1,
"Heidelberg University","Heidelberg University","OH",45765,43212,5.9,
"Hendrix College","Hendrix College","AR",181932,181631,0.2,
"High Point University","High Point University","NC",48317,48088,0.5,
"Hillsborough Community College","Hillsborough Community College Foundation, Inc.","FL",4856,4787,1.4,
"Hiram College","Hiram College","OH",67122,69399,-3.3,
"Hobart and William Smith Colleges","Hobart and William Smith Colleges","NY",196522,204862,-4.1,
"Hofstra University","Hofstra University","NY",413872,400191,3.4,
"Hollins University","Hollins University","VA",170971,180654,-5.4,
"Holy Names University","Holy Names University","CA",15117,14887,1.5,
"Hood College of Frederick MD","Hood College of Frederick MD","MD",83671,83450,0.3,
"Hope College","Hope College","MI",203273,195943,3.7,
"Howard Payne University","Howard Payne University","TX",58890,61254,-3.9,
"Howard University","Howard University","DC",659630,590659,11.7,
"Humboldt State University","Humboldt State University Advancement Foundation","CA",27964,27724,0.9,
"Illinois College","Illinois College","IL",150124,148409,1.2,
"Illinois Institute of Technology","Illinois Institute of Technology","IL",235459,222986,5.6,
"Illinois State University","Illinois State University Foundation","IL",102658,99917,2.7,102658
"Illinois Wesleyan University","Illinois Wesleyan University","IL",224167,221617,1.2,
"Indiana Institute of Technology","Indiana Institute of Technology, Inc.","IN",96053,81746,17.5,
"Indiana State University","Indiana State University Foundation, Inc.","IN",56532,55927,1.1,
"Indiana University of Pennsylvania","Indiana University of Pennsylvania & Foundation","PA",60524,58983,2.6,
"Indiana University--Bloomington","Indiana University & Foundations","IN",1974215,1988336,-0.7,1974215
"Indiana Wesleyan University","Indiana Wesleyan University","IN",145149,138288,5,
"Inter American University of Puerto Rico","Inter American University of Puerto Rico","PR",202283,196472,3,
"Iona College","Iona College","NY",110891,100296,10.6,
"Iowa State University","Iowa State University & Foundation","IA",786205,777018,1.2,786205
"J. Sargeant Reynolds Community College","J. Sargeant Reynolds Community College Educational Foundation","VA",8423,7497,12.4,
"Jacksonville University","Jacksonville University","FL",36987,37417,-1.1,
"James Madison University","James Madison University Foundation","VA",81948,78386,4.5,81948
"John Brown University","John Brown University","AR",100980,97964,3.1,
"John Carroll University","John Carroll University","OH",205197,198277,3.5,
"Johns Hopkins University","Johns Hopkins University","MD",3412617,3451947,-1.1,
"Johnson and Wales University","Johnson & Wales University","RI",263788,272936,-3.4,
"Juniata College","Juniata College","PA",115739,109209,6,
"Kalamazoo College","Kalamazoo College","MI",219847,222048,-1,
"Kalamazoo Valley Community College","Kalamazoo Valley Community College","MI",15314,14940,2.5,
"Kansas State University","Kansas State University Foundation","KS",488936,473987,3.2,488936
"Kansas University Endowment","The Kansas University Endowment Association","KS",1500402,1470786,2,
"Keck Graduate Institute of Applied Life Sciences","Keck Graduate Institute of Applied Life Sciences","CA",55332,59018,-6.2,
"Kent State University","Kent State University Foundation, Inc.","OH",115917,110912,4.5,115917
"Kentucky Community and Technical College","Kentucky Community & Technical College System","KY",51523,49474,4.1,
"Kenyon College","Kenyon College","OH",218644,212160,3.1,
"Kettering University","Kettering University","MI",80959,81288,-0.4,
"King's College","King's College","PA",69115,67426,2.5,
"Knox College","Knox College","IL",127782,124428,2.7,
"Kutztown University","Kutztown University Foundation, Inc.","PA",21934,20504,7,
"La Salle University","La Salle University","PA",87982,87487,0.6,
"LaGrange College","LaGrange College","GA",51768,56166,-7.8,
"Labour College","Labour College","MA",2616,2561,2.1,
"Lafayette College","Lafayette College","PA",777553,800678,-2.9,
"Lake Forest College","Lake Forest College","IL",89133,84764,5.2,
"Lakeland College","Lakeland College","WI",18556,15048,23.3,
"Lakeland Community College","Lakeland Community College","OH",3375,3079,9.6,
"Lamar University","Lamar University","TX",33388,33259,0.4,
"Lamar University","Lamar University Foundation, Inc.","TX",73438,67790,8.3,
"Lasell College","Lasell College","MA",40282,40091,0.5,
"Laurentian University of Sudbury","Laurentian University of Sudbury","ON",34438,46036,-25.2,
"Lawrence Technological University","Lawrence Technological University","MI",46830,36519,28.2,
"Lawrence University of Wisconsin","Lawrence University of Wisconsin","WI",275448,249473,10.4,
"Le Moyne College","Le Moyne College","NY",160748,147203,9.2,
"LeTourneau University","LeTourneau University","tX",17618,16738,5.3,
"Lebanese American University","Lebanese American University","NY",431222,424343,1.6,
"Lebanon Valley College","Lebanon Valley College","PA",61751,58366,5.8,
"Lehigh University","Lehigh University","PA",1213207,1215926,-0.2,
"Lenoir-Rhyne University","Lenoir-Rhyne University","NC",94643,94643,-3,
"Lesley University","Lesley University","MA",176664,189000,-6.5,
"Lewis University","Lewis University","IL",54334,52561,3.4,
"Lewis and Clark College","Lewis & Clark College","OR",227691,233680,-2.6,
"Linfield College","Linfield College","OR",102902,103455,-0.5,
"Lipscomb University","Lipscomb University","TN",70471,69753,1,
"Loma Linda University","Loma Linda University","CA",787454,737410,6.8,
"Long Island University","Long Island University","NY",117679,96987,21.3,
"Longwood University","Longwood University Foundation Inc.","VA",55467,54073,2.6,55467
"Loras College","Loras College","IA",29433,28519,3.2,
"Louisiana State University--Baton Rouge","LSU System","LA",851833,838375,1.6,502865
"Louisville Presbyterian Theological Seminary","Louisville Presbyterian Theological Seminary","KY",81094,86161,-5.9,
"Loyola Marymount University","Loyola Marymount University","CA",437792,454241,-3.6,
"Loyola University Chicago","Loyola University of Chicago","IL",542909,539719,0.6,
"Loyola University Maryland","Loyola University Maryland, Inc.","MD",206254,197929,4.2,
"Loyola University New Orleans","Loyola University New Orleans","LA",270392,296294,-8.7,
"Luther College","Luther College","IA",147033,147079,0,
"Luther College of the University of Regina","Luther College of the University of Regina","SK",1057,753,40.4,
"Luther Seminary","Luther Seminary","MN",90326,90326,10.1,
"Lutheran School of Theology at Chicago","Lutheran School of Theology at Chicago","IL",40663,39941,1.8,
"Lycoming College","Lycoming College","PA",194189,198093,-2,
"Lynchburg College","Lynchburg College","VA",98551,97263,1.3,
"Lyon College","Lyon College","AR",35111,38555,-8.9,
"Macalester College","Macalester College","MN",762018,753526,1.1,
"Manchester University","Manchester University","IN",55890,54426,2.7,
"Manhattan College","Manhattan College","NY",74868,71827,4.2,
"Marietta College","Marietta College","OH",71278,72970,-2.3,
"Marquette University","Marquette University","WI",551558,531700,3.7,
"Marshall B. Ketchum University","Marshall B. Ketchum University","CA",20337,20278,0.3,
"Marshall University","The Marshall University Foundation, Inc.","WV",111666,106284,5.1,
"Mary Baldwin College","Mary Baldwin College","VA",37009,37724,-1.9,
"Maryland Institute College of Art","Maryland Institute College of Art","MD",84451,81633,3.5,
"Marymount University","Marymount University","VA",37795,,,
"Maryville College","Maryville College","TN",62622,58053,7.9,
"Maryville University of St. Louis","Maryville University of St. Louis","MO",45535,40328,12.9,
"Marywood University","Marywood University","PA",35442,39334,-9.9,
"Massachusetts College of Liberal Arts","Massachusetts College of Liberal Arts Foundation, Inc.","MA",10344,10175,1.7,
"Massachusetts Institute of Technology","Massachusetts Institute of Technology","MA",13474743,12425131,8.4,
"McCormick Theological Seminary","McCormick Theological Seminary","IL",87821,89819,-2.2,
"McDaniel College","McDaniel College","MD",115032,113428,1.4,
"McGill University","McGill University","QC",1151275,1211315,-5,
"McKendree University","McKendree University","IL",37030,36770,0.7,
"McMaster University","McMaster University","ON",539216,578820,-6.8,
"McMurry University","McMurry University","TX",75618,76564,-1.2,
"McNeese State University","McNeese State University Foundation","LA",71001,68801,3.2,
"McPherson College","McPherson College","KS",35694,36200,-1.4,
"Meadville Lombard Theological School","Meadville Lombard Theological School","IL",25127,25213,-0.3,
"Medical College of Georgia Foundation","Medical College of Georgia Foundation, Inc.","GA",210595,212697,-1,
"Medical College of Virginia","Medical College of Virginia Foundation","VA",398839,386981,3.1,
"Medical College of Wisconsin","The Medical College of Wisconsin, Inc.","WI",778315,748637,4,
"Medical University of  South Carolina","Medical University of  South Carolina Foundation","SC",322644,312580,3.2,
"Meharry Medical College","Meharry Medical College","TN",139054,136975,1.5,
"Mennonite Education Agency Investment Fund LLC","Mennonite Education Agency Investment Fund LLC","IN",147318,154626,-4.7,
"Mercy College","Mercy College","NY",193535,147765,31,
"Mercyhurst University","Mercyhurst University","PA",30630,30187,1.5,
"Meredith College","Meredith College","NC",95297,95297,3.2,
"Messiah College","Messiah College","PA",135120,140934,-4.1,
"Miami Dade College","Miami Dade College","FL",434555,434689,0,
"Miami University","Miami University Foundation","OH",460280,464385,-0.9,460280
"Michigan State University","Michigan State University Foundation","MI",398839,403489,-1.4,
"Michigan State University","Michigan State University","MI",2274813,2145424,6,
"Michigan Technological University","Michigan Technological University","MI",95976,92920,3.3,
"Mid-America Baptist Theological Seminary","Mid-America Baptist Theological Seminary","TN",13523,,,
"Middle Tennessee State University","Middle Tennessee State University","TN",89949,89949,1.8,
"Middlebury College","Middlebury College","VT",1101054,1081894,1.8,
"Midlands Technical College","Midlands Technical College","SC",6869,4198,63.6,
"Millikin University","Millikin University","IL",122312,124943,-2.1,
"Mills College","Mills College","CA",182723,189288,-3.5,
"Minneapolis College of Art and Design","Minneapolis College of Art and Design","MN",51218,49350,3.8,
"Minnesota State University--Mankato","Minnesota State University, Mankato","MN",50670,53057,-4.5,
"Misericordia University","Misericordia University","PA",44087,39367,12,
"Mississippi State University","Mississippi State University & Foundation","MS",449106,456610,-1.6,449106
"Missouri State University","Missouri State University Foundation","MO",73663,76106,-3.2,
"Molloy College","Molloy College","NY",33268,32511,2.3,
"Monmouth College","Monmouth College","IL",103796,99214,4.6,
"Monmouth University","Monmouth University","NJ",79216,75278,5.2,
"Montana State University","Montana State University Foundation, Inc.","MT",142661,141066,1.1,127431
"Montana Tech","Montana Tech Foundation","MT",34620,34680,-0.2,
"Montclair State University","Montclair State University Foundation, Inc.","NJ",60330,58573,3,
"Moody Bible Institute of Chicago","Moody Bible Institute of Chicago","IL",47907,49420,-3.1,
"Moravian College","Moravian College","PA",106241,108683,-2.2,
"Morningside College","Morningside College","IA",44415,47267,-6,
"Mount Allison University","Mount Allison University","NB",133751,142824,-6.4,
"Mount Holyoke College","Mount Holyoke College","MA",700304,710130,-1.4,
"Mount Mercy University","Mount Mercy University","IA",24411,25952,-5.9,
"Mount Saint Mary's University","Mount Saint Mary's University","CA",129458,127591,1.5,
"Mount St. Joseph University","Mount St. Joseph University","OH",38193,37546,1.7,
"Mount St. Mary's University","Mount St. Mary's University","MD",48145,47605,1.1,
"Muhlenberg College","Muhlenberg College","PA",256686,257187,-0.2,
"Murray State University","Murray State University","KY",66787,68475,-2.5,
"Muskingum University","Muskingum University","OH",74448,75125,-0.9,
"National Academy of Sciences","National Academy of Sciences","DC",447743,428058,4.6,
"National Louis University","National Louis University","IL",32695,32302,1.2,
"National University","National University","CA",558978,552329,1.2,
"Naval Postgraduate School","Naval Postgraduate School Foundation","CA",5086,5182,-1.8,
"Nazareth College","Nazareth College","NY",65118,67822,-4,
"Nebraska Wesleyan University","Nebraska Wesleyan University","NE",54439,56995,-4.5,
"New England College","New England College","NH",11869,11915,-0.4,
"New Jersey City University","New Jersey City University Foundation","NJ",7294,6458,13,
"New Jersey Institute of Technology","New Jersey Institute of Technology","NJ",99257,98117,1.2,
"New Mexico State University","New Mexico State University & Foundation","NM",221005,222581,-0.7,221005
"New School","The New School","NY",346852,299890,15.7,
"New York Chiropractic College","New York Chiropractic College","NY",51106,52040,-1.8,
"New York Medical College","New York Medical College","NY",78467,75697,3.7,
"New York University","New York University","NY",3576180,3422227,4.5,
"Niagara University","Niagara University","NY",95197,95197,5.7,
"Norfolk State University","Norfolk State University Foundation","VA",26636,25705,3.6,
"North Carolina A&T State University","North Carolina A&T State University & Foundation","NC",48100,43785,9.9,48100
"North Carolina State University","NC State University and Related Foundations","NC",983979,885055,11.2,
"North Central College","North Central College","IL",103313,109,-5.3,
"North Dakota State University","North Dakota State University Development Foundation","ND",133978,126821,5.6,
"North Iowa Area Community College","North Iowa Area Community College","IA",23921,19806,20.8,
"North Shore Community College","North Shore Community College","MA",6946,6682,4,
"Northampton County Area Community College","Northampton County Area Community College","PA",42107,40645,3.6,
"Northeast State Community College","Northeast State Community College","TN",9108,9947,-8.4,
"Northeastern University","Northeastern University","MA",729400,713200,2.3,
"Northern Arizona University","Northern Arizona University","AZ",144211,136074,6,
"Northern Illinois University","Northern Illinois University Foundation","IL",71155,70682,0.7,71155
"Northern Kentucky University","Northern Kentucky University Foundation, Inc.","KY",94742,94742,0.1,
"Northern Michigan University","Northern Michigan University","MI",14642,15215,-3.8,
"Northwest Missouri State University","Northwest Missouri State University","MO",25501,25516,-0.1,
"Northwestern College","Northwestern College","IA",46731,46684,0.1,
"Northwestern University","Northwestern University","IL",10193037,9778112,4.2,
"Northwood University","Northwood University","MI",83042,82392,0.8,
"Notre Dame of Maryland University","Notre Dame of Maryland University","MD",39304,38980,0.8,
"Oakland University","Oakland University","MI",77201,73457,5.1,
"Oberlin College","Oberlin College","OH",832382,816107,2,
"Occidental College","Occidental College","CA",392167,406096,-3.4,
"Ohio Northern University","Ohio Northern University","OH",167664,168840,-0.7,
"Ohio State University--Columbus","The Ohio State University","OH",3633887,3547566,2.4,
"Ohio University","Ohio University & Foundation","OH",506989,515913,-1.7,506989
"Ohio Wesleyan University","Ohio Wesleyan University","OH",216584,213375,1.5,
"Oklahoma Baptist University","Oklahoma Baptist University","OK",121779,117483,3.7,
"Oklahoma Christian University","Oklahoma Christian University","OK",32432,37077,-12.5,
"Oklahoma Regents for Higher Education","Oklahoma Regents for Higher Education","OK",666779,691705,-3.6,
"Oklahoma State University","Oklahoma State University Foundation","OK",877549,904893,-3,877549
"Old Dominion University","Old Dominion University","VA",209417,213687,-2,
"Olivet Nazarene University","Olivet Nazarene University","IL",28427,27977,1.6,
"Oregon Health and Science University","Oregon Health and Science University Foundation","OR",571341,522384,9.4,
"Oregon State University","Oregon State University Foundation","OR",505369,511427,-1.2,505369
"Oswego College","Oswego College Foundation, Inc.","NY",22732,18608,22.2,
"Pace University","Pace University","NY",156655,157282,-0.4,
"Pacific Union College","Pacific Union College","CA",24122,25164,-4.1,
"Pacific University","Pacific University","OR",62766,62973,-0.3,
"Palm Beach Atlantic University","Palm Beach Atlantic University","FL",76564,77091,-0.7,
"Park University","Park University","MO",60446,60006,0.7,
"Parker University","Parker University","TX",34187,31534,8.4,
"Peirce College","Peirce College","PA",22271,21825,2,
"Pellissippi State Community College","Pellissippi State Community College Foundation","TN",8661,,,
"Pennsylvania State University-University Park","The Pennsylvania State University","PA",3635730,3445965,5.5,
"Pepperdine University","Pepperdine University","CA",805154,788574,2.1,
"Philadelphia College of  Osteopathic Medicine","Philadelphia College of Osteopathic Medicine","PA",263450,261549,0.7,
"Philadelphia University","Philadelphia University","PA",28166,27630,1.9,
"Pittsburg State University","Pittsburg State University Foundation, Inc.","KS",71228,69414,2.6,
"Pitzer College","Pitzer College","CA",132710,134289,-1.2,
"Polytechnic University of Puerto Rico","Polytechnic University of Puerto Rico","PR",13330,13173,1.2,
"Pomona College","Pomona College","CA",2098704,2101461,-0.1,
"Pratt Institute","Pratt Institute","NY",155584,152809,1.8,
"Presbyterian College","Presbyterian College","SC",95478,97595,-2.2,
"Princeton Theological Seminary","Princeton Theological Seminary","NJ",1065784,1041847,2.3,
"Princeton University","Princeton University","NJ",22723473,2099518,8.2,
"Principia Corporation","The Principia Corporation","MO",686425,707011,-2.9,
"Purchase College","Purchase College Foundation","NY",64486,63965,0.8,
"Purdue University--West Lafayette","Purdue University","IN",2397902,2443494,-1.9,
"Queen's University","Queen's University","ON",755140,658891,14.6,
"Queens University of Charlotte","Queens University of Charlotte","NC",98019,98778,-0.8,
"Quinnipiac University","Quinnipiac University","CT",367875,348869,5.4,
"RAND Corporation","RAND Corporation","CA",240031,236662,1.4,
"Radford University","Radford University Foundation, Inc.","VA",52533,47091,11.6,52533
"Ramapo College of New Jersey","Ramapo College of New Jersey","NJ",17118,16446,4.1,
"Randolph- Macon College","Randolph Macon College","VA",149719,147956,1.2,
"Reed College","Reed College","OR",545159,543025,0.4,
"Regis College","Regis College","MA",18728,17183,9,
"Regis University","Regis University","CO",55962,52877,5.8,
"Rensselaer Polytechnic Institute","Rensselaer Polytechnic Institute","NY",676546,659035,2.7,
"Rhode Island College","The Rhode Island College Foundation","RI",21254,21194,0.3,
"Rhode Island School of Design","Rhode Island School of Design","RI",324955,321597,1,
"Rhodes College","Rhodes College","TN",340088,335079,1.5,
"Rice University","Rice University","TX",5557479,5527693,0.5,
"Rider University","Rider University","NJ",58326,65227,-10.6,
"Ringling College of Art and Design, Inc.","Ringling College of Art and Design, Inc.","FL",43498,42940,1.3,
"Rivier University","Rivier University","NH",35558,35852,-0.8,
"Roanoke College","Roanoke College","VA",130552,129888,0.5,
"Robert Morris University","Robert Morris University","PA",31763,32692,-2.8,
"Rochester Institute of Technology","Rochester Institute of Technology","NY",758606,752539,0.8,
"Rockefeller University","The Rockefeller University","NY",1987027,1985942,0.1,
"Rockhurst University","Rockhurst University","MO",34689,44379,-21.8,
"Rocky Mountain College","Rocky Mountain College","MT",26156,26251,-0.4,
"Roger Williams University","Roger Williams University","RI",86291,89959,-4.1,
"Rollins College","Rollins College","FL",358653,372593,-3.7,
"Roosevelt University","Roosevelt University","IL",84791,88585,-4.3,
"Rose-Hulman Institute of Technology","Rose-Hulman Institute of Technology","IN",195036,196975,-1,
"Rowan University","Rowan University Foundation","NJ",173823,171063,1.6,
"Rush University Medical Center","Rush University Medical Center","IL",555610,554269,0.2,
"Rutgers, The State University of New Jersey-New Brunswick","Rutgers, the State University of New Jersey","NJ",1001969,918575,9.1,
"SUNY--Cortland College","SUNY Cortland College Foundation","NY",36216,35051,3.3,
"SUNY--Plattsburgh College","Plattsburgh College Foundation (SUNY Plattsburgh)","NY",18627,18023,3.4,
"SUNY--Potsdam College","SUNY, Potsdam College Foundation, Inc.","NY",28975,26187,10.6,
"SUNY--Upstate Medical University","SUNY Upstate Medical University","NY",86089,84795,1.5,
"Sacramento State","The University Foundation at Sacramento State","CA",34969,33655,3.9,
"Sacred Heart University","Sacred Heart University Inc.","CT",140975,137284,2.7,
"Sage Colleges","The Sage Colleges","NY",30626,30474,0.5,
"Saginaw Valley State University","Saginaw Valley State University Foundation","MI",74552,71928,3.6,
"Saint Anselm College","Saint Anselm College","NH",130027,126279,3,
"Saint Francis University","Saint Francis University","PA",45254,44863,0.9,
"Saint John's Universitiy","Saint John's Universitiy","MN",169513,168916,0.4,
"Saint Joseph's University","Saint Joseph's University","PA",215905,209286,3.2,
"Saint Louis University","Saint Louis University","MO",1093348,1076959,1.5,
"Saint Mary's College of California","Saint Mary's College of California","CA",170105,166476,2.2,
"Saint Mary's College of Notre Dame","Saint Mary's College of Notre Dame","IN",159465,151102,5.5,
"Saint Michael's College","Saint Michael's College","VT",88508,91349,-3.1,
"Salve Regina University","Salve Regina University","RI",57006,58633,-2.8,
"Sam Houston State University","Sam Houston State University","TX",97510,80090,21.8,
"San Diego State University","San Diego State University","CA",209372,190608,9.8,
"San Francisco Conservatory of Music","San Francisco Conservatory of Music","CA",40379,,,
"San Francisco State University","San Francisco State University Foundation","CA",67654,65385,3.5,
"San Jose State University and Tower Foundation","San Jose State University and Tower Foundation","CA",120045,119265,0.7,
"Santa Clara University","Santa Clara University","CA",884746,875090,1.1,
"Sarah Lawrence College","Sarah Lawrence College","NY",91180,91180,4.5,
"Schoolcraft College","Schoolcraft College Foundation","MI",14205,14842,-4.3,
"Schreiner University","Schreiner University","TX",62946,61696,2,
"Scripps College","Scripps College","CA",305250,310536,-1.7,
"Seattle Pacific University","Seattle Pacific University","WA",82310,73582,11.9,
"Seton Hall University","Seton Hall University","NJ",260828,268960,-3,
"Shawnee State University","Shawnee State University Development Foundation","OH",18493,17016,8.7,
"Shenandoah University","Shenandoah University","VA",62993,62600,0.6,
"Shepherd University","Shepherd University Foundation","WV",23086,25177,-8.3,
"Sheridan College Institute of Technology and Advanced Learning","Sheridan College Institute of Technology and Advanced Learning","ON",4406,,,
"Shippensburg University","Shippensburg University Foundation","PA",41266,43764,-5.7,
"Simmons College","Simmons College","MA",188418,184550,2.1,
"Simon Fraser University","Simon Fraser University","BC",315857,343992,-8.2,
"Simpson College","Simpson College","IA",83084,84842,-2.1,
"Sinclair Community College","Sinclair Community College Foundation","OH",32741,32913,-0.5,
"Skidmore College","Skidmore College","NY",344618,334633,3,
"Smith College","Smith College","MA",1781763,1755755,1.5,
"Sonoma State University","Sonoma State University Academic Foundation, Inc.","CA",44592,43092,3.5,
"South Dakota State University","South Dakota State University","SD",104903,102918,1.9,
"Southeastern University","Southeastern University","FL",8946,8161,9.6,
"Southern Connecticut State University","Southern Connecticut State University Foundation, Inc.","CT",20270,19283,5.1,
"Southern Illinois University","Southern Illinois University Foundation","IL",122351,124801,-2,
"Southern Illinois University--Edwardsville","Southern Illinois University Edwardsville Foundation","IL",20447,20853,-1.9,20447
"Southern Methodist University","Southern Methodist University","TX",1505296,1466258,2.7,
"Southern Virginia University","Southern Virginia University","VA",1141,894,27.7,
"Southern Wesleyan University","Southern Wesleyan University","SC",4845,4458,8.7,
"Southwestern University","Southwestern University","TX",255955,265591,-3.6,
"Spalding University","Spalding University","KY",16727,15276,9.5,
"Spartanburg Methodist College","Spartanburg Methodist College","SC",21393,21259,0.6,
"Spelman College","Spelman College","GA",362986,367037,-1.1,
"Spring Arbor University","Spring Arbor University","MI",13725,13304,3.2,
"Spring Hill College","Spring Hill College","AL",24189,23766,1.8,
"Springfield College","Springfield College","MA",62440,63964,-2.4,
"St. Ambrose University","St. Ambrose University","IA",134317,132298,1.5,
"St. Bonaventure University","St. Bonaventure University","NY",60297,60151,0.2,
"St. Edward's University","St. Edward's University","TX",92856,92856,-0.5,
"St. Francis College","St. Francis College","NY",74618,77536,-3.8,
"St. Francis Xavier University","St. Francis Xavier University","NS",88040,112971,-22.1,
"St. John's College-Annapolis, MD and Santa Fe, NM","St. John's College-Annapolis, MD and Santa Fe, NM","MD",157295,150952,4.2,
"St. John's University","St. John's University","NY",685942,644643,6.4,
"St. Lawrence University","St. Lawrence University","NY",282086,283876,-0.6,
"St. Louis College of Pharmacy","St. Louis College of Pharmacy","MO",150652,147935,1.8,
"St. Mary's College of Maryland","St. Mary's College of Maryland Foundation Inc.","MD",30363,30577,-0.7,
"St. Mary's College of San Antonio","St. Mary's College of San Antonio","TX",182997,174530,4.9,
"St. Norbert College","St. Norbert College","WI",104746,97610,7.3,
"St. Olaf College","St. Olaf College","MN",448489,446809,0.4,
"St. Peter's University","St. Peter's University","NJ",31000,31053,-0.2,
"St. Thomas University","St. Thomas University","FL",24934,22615,10.3,
"Stanford University","Stanford University","CA",22222957,21446006,3.6,
"State University College at Oneonta","State University College at Oneonta Foundation","NY",49607,48779,1.7,
"Stephens College","Stephens College","MO",47343,46800,1.2,
"Stetson University","Stetson University, Inc.","FL",208878,207832,0.5,
"Stevens Institute of Technology","Stevens Institute of Technology","NJ",165152,165973,-0.3,
"Stonehill College","Stonehill College, Inc.","MA",188639,190987,-1.2,
"Stony Brook University-SUNY","SUNY, Stony Brook Foundation","NY",247397,214446,15.4,247397
"Suffolk University","Suffolk University","MA",185813,194540,-4.5,
"Susquehanna University","Susquehanna University","PA",147176,150064,-1.9,
"Swarthmore College","Swarthmore College","PA",1845799,1876669,-1.6,
"Syracuse University","Syracuse University","NY",1166109,1183244,-1.4,
"Taylor University","Taylor University","IN",84128,86226,-2.4,
"Teachers College, Columbia University","Teachers College, Columbia University","NY",274521,274020,0.2,
"Temple University","Temple University","PA",386230,374758,3.1,
"Tennessee State University","Tennessee State University Foundation","TN",51416,50492,1.8,51416
"Tennessee Tech University","Tennessee Tech University","TN",71976,71772,0.3,
"Texas A&M University-College Station","The Texas A&M University System and Foundations","TX",10477102,11103880,-5.6,469000
"Texas Christian University","Texas Christian University","TX",1514296,1442518,5,
"Texas College","Texas College","TX",3015,2712,11.2,
"Texas Lutheran University","Texas Lutheran University","TX",89986,89986,-2.8,
"Texas Southern University","Texas Southern University","TX",48684,46577,4.5,
"Texas State University","Texas State University","TX",164333,161264,1.9,
"Texas Tech University","Texas Tech University System","TX",1178300,1195363,-1.4,661235
"Texas Woman's University","Texas Woman's University","TX",43819,,,
"Thomas College","Thomas College","ME",14462,13829,4.6,
"Transylvania University","Transylvania University","KY",167550,169015,-0.9,
"Tri-County Technical College","Tri-County Technical College Foundation, Inc.","SC",21764,19820,9.8,
"Trinity College","Trinity College","ON",71566,78364,-8.7,
"Trinity College","Trinity College","CT",562182,542789,3.6,
"Trinity University","Trinity University","TX",1185370,1180030,0.5,
"Trinity Western University","Trinity Western University","BC",14112,14844,-4.9,
"Troy University Foundation","Troy University Foundation","AL",85533,,,
"Tufts University","Tufts University","MA",1593019,1590045,0.2,
"Tulane University","Tulane University","LA",1220464,1183924,3.1,
"Union College","Union College","NY",436317,410762,6.2,
"University System of Maryland","The University System of Maryland Foundation, Inc.","MD",986248,955856,3.2,
"University at Albany Foundation","University at Albany Foundation","NY",54810,49522,10.7,
"University at Buffalo","University at Buffalo Foundation","NY",619296,624791,-0.9,
"University of  Mary Washington","University of  Mary Washington","VA",45668,46389,-1.6,
"University of Akron","The University of Akron & Foundation","OH",198330,211787,-6.4,198330
"University of Alabama","University of Alabama System","AL",1238954,1234824,0.3,
"University of Alaska","University of Alaska Foundation","AK",310616,320306,-3,
"University of Alberta","University of Alberta","AB",935500,955287,-2.1,
"University of Arizona","University of Arizona & Foundation","AZ",767940,760679,1,767940
"University of Arkansas--Fayetteville","University of Arkansas, Fayetteville","AR",948679,929693,2,
"University of Arkansas--Fort Smith","University of Arkansas Fort Smith Foundation, Inc.","AR",69870,69936,-0.1,
"University of Baltimore","University of Baltimore Foundation","MD",44215,42731,3.5,
"University of British Columbia","University of British Columbia","BC",1167044,1263632,-7.6,
"University of California--Berkeley","University of California","CA",7997099,7384410,8.3,
"University of California--Davis","The University of California Davis Foundation","CA",335632,313876,6.9,335632
"University of California--Irvine","University of California, Irvine Foundation","CA",512904,387157,32.5,512904
"University of California--Los Angeles","The UCLA Foundation","CA",1864605,1732784,7.6,1864605
"University of California--Riverside","UC Riverside Foundation","CA",132635,131880,0.6,132635
"University of California--San Diego","UC San Diego Foundation","CA",548317,512985,6.9,
"University of California--San Francisco","University of California, San Francisco Foundation","CA",1160627,943804,23,
"University of California--Santa Barbara","UC Santa Barbara","CA",265930,257987,3.1,
"University of Central Florida","The University of Central Florida","FL",150627,154595,-2.6,
"University of Central Missouri","University of Central Missouri Foundation","MO",39342,36960,6.4,
"University of Central Oklahoma","University of Central Oklahoma Foundation","OK",28478,32872,-13.4,
"University of Chattanooga","University of Chattanooga Foundation, Inc.","TN",118596,112967,5,
"University of Chicago","The University of Chicago","IL",7549710,7545544,0.1,
"University of Cincinnati","University of Cincinnati","OH",1195899,1183922,1,
"University of Colorado--Boulder","University of Colorado Foundation","CO",1090297,1063089,2.6,525828
"University of Connecticut","University of Connecticut & Foundations","CT",383149,384761,-0.4,383149
"University of Dayton","University of Dayton","OH",500407,510107,-1.9,
"University of Delaware","University of Delaware","DE",1341373,1310133,2.4,
"University of Denver--Colorado Seminary","University of Denver (Colorado Seminary)","CO",632761,467253,35.4,
"University of Dubuque","University of Dubuque","IA",102200,83091,23,
"University of Evansville","University of Evansville","IN",84919,90417,-6.1,
"University of Florida Foundation, Inc.","University of Florida Foundation, Inc.","FL",1555703,1519522,2.4,
"University of Georgia","The University of Georgia and Related Foundations","GA",1004987,975890,3,1004987
"University of Hartford","University of Hartford","CT",148917,146113,1.9,
"University of Hawaii","University of Hawaii Foundation","HI",280210,272280,2.9,
"University of Houston","University of Houston System & Foundations","TX",794556,789700,0.6,794556
"University of Idaho","University of Idaho Foundation, Inc.","ID",239603,240980,-0.6,239603
"University of Illinois--Urbana--Champaign","University of Illinois & Foundation","IL",2388469,2277932,4.9,1585807
"University of Indianapolis","University of Indianapolis","IN",93192,93192,0.1,
"University of Iowa","University of Iowa & Foundation","IA",1263043,1251356,0.9,1263043
"University of Jamestown","University of Jamestown","ND",34302,35221,-2.6,
"University of Kentucky","University of Kentucky","KY",1142722,1136833,0.5,
"University of La Verne","University of La Verne","CA",68803,63244,8.8,
"University of Louisville","University of Louisville Foundation","KY",844288,876825,-3.7,844288
"University of Maine","University of Maine Foundation","ME",185613,189151,-1.9,185613
"University of Mary","University of Mary","ND",43864,36866,19,
"University of Maryland--College Park","University of Maryland College Park Foundation, Inc.","MD",283123,273089,3.7,283123
"University of Massachusetts","University of Massachusetts Foundation","MA",770222,757473,1.7,
"University of Memphis","The University of Memphis","TN",199443,200750,-0.7,
"University of Miami","University of Miami","FL",887329,865435,2.5,
"University of Michigan-Ann Arbor","University of Michigan","MI",9952113,9731460,2.3,
"University of Minnesota-Twin Cities","University of Minnesota & Foundations","MN",3297460,3176456,3.8,176900
"University of Mississippi","University of Mississippi Foundation","MS",606387,594738,2,606387
"University of Missouri ","University of Missouri System","MO",1476959,1440561,2.5,
"University of Montana","University of Montana Foundation","MT",172756,176935,-2.4,172756
"University of Mount Union","University of Mount Union","OH",134636,135612,-0.7,
"University of Nebraska","University of Nebraska","NE",1538071,1547256,-0.6,
"University of Nevada--Las Vegas","UNLV Foundation","NV",238300,227936,4.5,238300
"University of Nevada--Reno","University of Nevada, Reno and Related Foundations","NV",306587,295334,3.8,306587
"University of New Brunswick","University of New Brunswick","NB",206205,222570,-7.4,
"University of New Hampshire","University System of New Hampshire & Foundations","NH",676268,661660,2.2,346926
"University of New Mexico","University of New Mexico Foundation","NM",403670,412772,-2.2,403670
"University of North Carolina School of the Arts","University of North Carolina School of the Arts","NC",18623,17781,4.7,
"University of North Carolina--Asheville","The University of North Carolina at Asheville","NC",40082,37216,7.7,
"University of North Carolina--Charlotte","University of North Carolina at Charlotte","NC",179380,168855,6.2,
"University of North Carolina--Greensboro","UNC at Greensboro Investment Fund, Inc.","NC",248591,251756,-1.3,
"University of North Carolina--Wilmington","University of North Carolina Wilmington","NC",88118,85285,3.3,
"University of North Carolina-Chapel Hill","University of North Carolina at Chapel Hill & Foundations","NC",2988806,2695663,10.9,2988806
"University of North Dakota","University of North Dakota Foundation","ND",230,226800,1.7,14251
"University of North Florida","University of North Florida Foundation, Inc.","FL",98307,94884,3.6,98307
"University of Northern British Columbia","University of Northern British Columbia","BC",58657,63134,-7.1,
"University of Northern Colorado","University of Northern Colorado Foundation, Inc.","CO",81492,82448,-1.2,
"University of Northern Iowa","University of Northern Iowa Foundation","IA",109151,102771,6.2,109151
"University of Notre Dame","University of Notre Dame","IN",8566952,8039756,6.6,
"University of Oklahoma","University of Oklahoma","OK",1523024,1493466,2,
"University of Oregon","University of Oregon Foundation","OR",719111,627004,14.7,719111
"University of Ottawa","University of Ottawa","ON",204792,221392,-7.5,
"University of Pennsylvania","University of Pennsylvania","PA",10133569,9582335,5.8,
"University of Pittsburgh","University of Pittsburgh","PA",3588775,3492839,2.7,
"University of Pittsburgh--Bradford","Bradford Education Foundation University of Pittsburgh at Bradford","PA",22713,23287,-2.5,
"University of Puget Sound","The University of Puget Sound","WA",321676,318501,1,
"University of Redlands","University of Redlands","CA",125701,127522,-1.4,
"University of Rhode Island","University of Rhode Island Foundation","RI",131655,132234,-0.4,131655
"University of Richmond","University of Richmond","VA",2371810,2313305,2.5,
"University of Rio Grande","University of Rio Grande","OH",23294,23551,-1.1,
"University of Rochester","University of Rochester","NY",2050199,2015283,1.7,
"University of Saint Joseph","University of Saint Joseph","CT",26505,25512,3.9,
"University of San Diego","University of San Diego","CA",469984,468766,0.3,
"University of San Francisco","University of San Francisco","CA",314337,237324,32.5,
"University of Scranton","University of Scranton","PA",170075,162453,4.7,
"University of South Alabama","University of South Alabama","AL",167226,174138,-4,
"University of South Alabama","University of South Alabama Foundation","AL",362492,323136,12.2,
"University of South Carolina","University of South Carolina & Affiliated Foundations","SC",625186,596379,4.8,625186
"University of South Dakota","University of South Dakota Foundation","SD",213562,206980,3.2,213562
"University of South Florida","University of South Florida Foundation","FL",417415,417335,0,417415
"University of Southern California","University of Southern California","CA",4709511,4593014,2.5,
"University of Southern Mississippi","The University of Southern Mississippi Foundation","MS",82873,78673,5.3,82873
"University of St. Francis","University of St. Francis","IL",17078,15419,10.8,
"University of St. Thomas","University of St. Thomas","MN",456494,458149,-0.4,
"University of St. Thomas","University of St. Thomas","TX",84891,86159,-1.5,
"University of Tennessee","The University of Tennessee","TN",1106924,1072000,3.3,
"University of Texas-Austin","The University of Texas System","TX",24083150,25425922,-5.3,3341835
"University of Toledo","The University of Toledo & Foundation","OH",422249,416153,1.5,422249
"University of Toronto","University of Toronto","ON",1726051,1820631,-5.2,
"University of Tulsa","The University of Tulsa","OK",1037169,1015474,2.1,
"University of Utah","The University of Utah","UT",1023044,844761,21.1,
"University of Victoria","University of Victoria Foundation","BC",311224,343021,-9.3,
"University of Virginia","University of Virginia","VA",6180515,5945952,3.9,
"University of Washington","University of Washington","WA",3076226,2832753,8.6,
"University of West Florida","The University of West Florida Foundation, Inc.","FL",61192,61824,-1,
"University of Western Ontario","The University of Western Ontario","ON",453803,481245,-5.7,
"University of Wisconsin","University of Wisconsin System","WI",385516,396947,-2.9,
"University of Wisconsin--Eau Claire","University of Wisconsin-Eau Claire Foundation, Inc.","WI",67588,62103,8.8,
"University of Wisconsin--Madison","University of Wisconsin Foundation","WI",2465051,2332185,5.7,2465051
"University of Wyoming","University of Wyoming","WY",36196,35216,2.8,
"University of Wyoming","University of Wyoming Foundation","WY",445273,419889,6,445273
"University of the Incarnate Word","University of the Incarnate Word","TX",125271,120464,4,
"University of the Ozarks","University of the Ozarks","AR",98341,100536,-2.2,
"University of the Pacific","University of the Pacific","CA",385014,386440,-0.4,
"University of the South","The University of the South","TN",377822,374302,0.9,
"University of the Virgin Islands","Foundation for the University of the Virgin Islands","VI",34274,37645,-9,
"Ursinus College","Ursinus College","PA",131430,130175,1,
"Utah State University","Utah State University","UT",314688,282465,11.4,
"Utica College","Utica College","NY",22946,23612,-2.8,
"Valencia College","Valencia College Foundation","FL",64281,64093,0.3,
"Valparaiso University","Valparaiso University","IN",204314,202737,0.8,
"Vanderbilt University","Vanderbilt University","TN",4133542,4086040,1.2,
"Vassar College","Vassar College","NY",982974,974180,0.9,
"Vaughn College of Aeronautics and Technology","Vaughn College of Aeronautics and Technology","NY",21449,21926,-2.2,
"Victoria University of the University of Toronto","Victoria University of the University of Toronto","ON",127780,136269,-6.2,
"Villanova University","Villanova University","PA",553859,510785,8.4,
"Virginia Commonwealth University","Virginia Commonwealth University","VA",1638147,1509431,8.5,
"Virginia Military Institute","VMI Foundation, Inc.","VA",430742,413409,4.2,393621
"Virginia State University","Virginia State University","VA",33902,32198,5.3,
"Virginia State University Foundation","Virginia State University Foundation","VA",13530,12947,4.5,
"Virginia Tech","Virginia Tech Foundation","VA",817759,796437,2.7,817759
"Virginia Wesleyan University","Virginia Wesleyan University","VA",57361,57713,-0.6,
"Viterbo University","Viterbo University, Inc.","WI",45055,41947,7.4,
"Wabash College","Wabash College","IN",354914,371230,-4.4,
"Wagner College","Wagner College","NY",80423,82141,-2.1,
"Wake Forest University","Wake Forest University","NC",1167400,1148026,1.7,
"Walla Walla University","Walla Walla University","WA",22790,22402,1.7,
"Warner Pacific College","Warner Pacific College","OR",10133,10020,1.1,
"Warren Wilson College","Warren Wilson College","NC",54899,53805,2,
"Washburn University","Washburn University Foundation","KS",156486,163847,-4.5,
"Washington College","Washington College","MD",200319,201842,-0.8,
"Washington State University","Washington State University","WA",885777,868091,2,
"Washington University in St. Louis","Washington University in St. Louis","MO",6818748,6643379,2.6,
"Washington and Jefferson University","Washington and Jefferson University","PA",130361,128908,1.1,
"Washington and Lee University","Washington and Lee University","VA",1471274,1476923,-0.4,
"Wayne State University","Wayne State University","MI",306319,311337,-1.6,
"Weber State University","Weber State University","UT",114826,110819,3.6,
"Weber State University","Weber State University Foundation","UT",11140,11696,-4.8,
"Webster University","Webster University","MO",126484,128572,-1.6,
"Wellesley College","Wellesley College","MA",1853503,1807948,2.5,
"Wentworth Institute of Technology","Wentworth Institute of Technology","MA",89740,81746,9.8,
"Wesleyan University","Wesleyan University","CT",810018,768219,5.4,
"West Chester University of Pennsylvania","West Chester University of Pennsylvania","PA",21573,21195,1.8,
"West Point Association of Graduates","West Point Association of Graduates","NY",198524,184055,7.9,
"West Virginia University","West Virginia University Foundation","WV",533599,533627,0,533599
"Western Carolina University","Western Carolina University","NC",67831,64333,5.4,
"Western Illinois University","Western Illinois University Foundation","IL",42469,42668,-0.5,42469
"Western Kentucky University","Western Kentucky University & Foundation","KY",140534,135083,4,15843
"Western Michigan University","Western Michigan University Foundation","MI",330052,319997,3.1,330052
"Western New England University","Western New England University","MA",49692,49273,0.9,
"Western University of Health Sciences","Western University of Health Sciences","CA",23939,14390,66.4,
"Westminster College","Westminster College","PA",114749,113953,0.7,
"Westminster College","Westminster College","UT",73491,72525,1.3,
"Westmont College","Westmont College","CA",82838,84369,-1.8,
"Wheaton College","Wheaton College","IL",409613,405027,1.1,
"Wheaton College","Wheaton College","MA",194729,193545,0.6,
"Wheelock College","Wheelock College","MA",57095,57540,-0.8,
"Whitehead Institute for Biomedical Research","Whitehead Institute for Biomedical Research","MA",470284,478120,-1.6,
"Whitman College","Whitman College","WA",514676,504524,2,
"Whittier College","Whittier College","CA",97284,99829,-2.5,
"Whitworth University","Whitworth University","WA",129432,125935,2.8,
"Wichita State University","Wichita State University Foundation","KS",235554,237002,-0.6,
"Widener University","Widener University","PA",87087,90004,-3.2,
"Wilkes University","Wilkes University","PA",49966,51920,-3.8,
"Willamette University","Willamette University","OR",242050,234109,3.4,
"William Mitchell College of Law","William Mitchell College of Law","MN",25184,27271,-7.7,
"William Peace University","William Peace University","NC",36286,37887,-4.2,
"Williams College","Williams College","MA",2395100,2253330,6.3,
"Wilson College","Wilson College","PA",67459,71902,-6.2,
"Winston-Salem State University","Winston-Salem State University & Foundation","NC",37219,34308,8.5,
"Winthrop University","Winthrop University Foundation","SC",43072,40016,7.6,43072
"Wisconsin Lutheran College","Wisconsin Lutheran College, Inc.","WI",28930,26481,9.3,
"Wittenberg University","Wittenberg University","OH",102092,98918,3.2,
"Wofford College","Wofford College","SC",184708,191831,-3.7,
"Worcester Polytechnic Institute","Worcester Polytechnic Institute","MA",435867,433062,0.6,
"Worcester State","Worcester State Foundation","MA",23077,22998,0.3,
"Wright State University","Wright State University Foundation, Inc.","OH",88661,89571,-1,
"Xavier University","Xavier University","OH",156378,153478,1.9,
"Yale University","Yale University","CT",25572100,23894800,7,
"Yeshiva University","Yeshiva University","NY",1061440,1094558,-3,
"York College of Pennsylvania","York College of Pennsylvania","PA",87681,84215,4.1,
"Youngstown State University","Youngstown State University Foundation","OH",229119,227342,0.8,
